solver,mesh_size,order,procs,dofs,assemble_time,solve_time,total_time,iterations,l2_error
amg,256,2,1,263169,3.18205,0.768843,3.95089,21,7.5149e-09
amg,256,2,2,263169,1.68723,0.495215,2.18244,25,7.5149e-09
amg,256,2,4,263169,0.91147,0.340506,1.25198,26,7.5149e-09
ddm,256,2,1,263169,3.11957,0.762198,3.88177,21,7.5149e-09
ddm,256,2,2,263169,1.71323,0.547825,2.26105,25,7.5149e-09
ddm,256,2,4,263169,0.935242,0.364906,1.30015,26,7.5149e-09
