solver,mesh_size,order,procs,dofs,dofs_per_proc,assemble_time,solve_time,total_time,iterations,l2_error
amg,128,2,1,66049,66049.0,0.781094,0.134004,0.915098,21,6.01189e-08
amg,181,2,2,131769,65884.5,0.842395,0.220722,1.06312,22,2.12621e-08
amg,256,2,4,263169,65792.25,0.938452,0.342202,1.28065,26,7.5149e-09
ddm,128,2,1,66049,66049.0,0.813381,0.139965,0.953347,21,6.01189e-08
ddm,181,2,2,131769,65884.5,0.855231,0.205476,1.06071,22,2.12621e-08
ddm,256,2,4,263169,65792.25,0.929435,0.343291,1.27273,26,7.5149e-09
